Date,ShareLink,ShareCommentary,SharedUrl,MediaUrl,Visibility
2026-01-02 13:20:51,https://www.linkedin.com/feed/update/urn%3Ali%3AugcPost%3A7412845330851074048,"New Year. Same Grind. Higher Intent. 🕴‍   ""
""""
""In 2025, I made a clear decision:""
""to move beyond being just a backend engineer and go all in on becoming a full-stack developer.""
""""
""I had started frontend earlier, but this was the year I cut distractions and committed fully.""
""""
""By June, I wrapped up my internship, which gave me an edge most people overlook:""
""- 3 live side projects.""
""""
""I talked about those projects openly, and that visibility paid off.""
""It led to my first full-stack gig through a friend.""
""""
""By August, I landed my first full-stack contract role, and I’ve been on that journey ever since.""
""""
""In October, I pushed myself into a new space and won my first hackathon 🏆,""
""a strong reminder that shipping, pressure, and collaboration sharpen you fast.""
""""
""By the end of the year:""
""- I completed 7 frontend projects""
""- I’m preparing to launch my first full-stack web app this Q1""
""""
""""
""Focus for this year:""
""- Solidifying my full-stack expertise by taking my apps public and integrating real-time, end-to-end feedback""
""- Learning AI models and improving existing systems with them""
""""
""""
""Biggest personal lesson:""
""Trying to figure everything out alone slowed me down.""
""Avoiding questions just to not “look dumb” cost me time.""
""""
""This year, I’m choosing leverage:""
""- sharing what I’m building""
""- asking better questions""
""- learning in public""
""""
""If you’re building interesting things, shipping products, or pushing systems further -- I’m always open to conversations.""
""""
""Same goals.""
""Same hunger.""
""Better execution.""
""""
""New here? I’m Ifeanyi Okafor 👨‍💻. I share real-life experiences navigating my tech career and the lessons I pick up along the way.","","",MEMBER_NETWORK
2025-12-24 15:00:45,https://www.linkedin.com/feed/update/urn%3Ali%3Ashare%3A7409608980714602497,"🛠️ Endpoints just got faster and safer with BullMQ""
""""
""Yesterday, I explored message queueing with BullMQ and integrated it practically into my codebase.""
""""
""Heavy CPU / API calls are now handled as non-blocking background jobs, while users get immediate responses for what truly matters.""
""""
""I applied this mainly to workflows where users shouldn’t have to wait:""
""	•	Notifications""
""	•	Emails""
""	•	Scheduled tasks""
""""
""⸻""
""""
""Why this mattered beyond speed""
""""
""Queues didn’t just improve response times, they introduced predictable execution and controlled failure.""
""""
""With BullMQ:""
""	•	User requests return immediately""
""	•	Side-effects run asynchronously with retry guarantees""
""	•	Failures are isolated, observable, and recoverable (instead of crashing requests)""
""""
""This means my system now favors at-least-once delivery, idempotent jobs, and automatic retries — increasing reliability at scale.""
""""
""⸻""
""""
""Scheduling without CRON fragility""
""""
""BullMQ’s scheduling goes beyond traditional CRON jobs:""
""	•	Jobs are stateful and persisted""
""	•	Execution is distributed-safe""
""	•	No single scheduler bottleneck""
""""
""A practical use case:""
""When a conversation is created, I schedule its expiration 24 hours ahead.""
""Once the time elapses, a background job expires the conversation and emits realtime updates to the frontend — without polling or blocking.""
""""
""⸻""
""""
""What users no longer wait for""
""	•	Email delivery""
""	•	Notification fan-out""
""	•	Expensive side-effects""
""""
""Those run in workers with controlled concurrency, backpressure, and retry policies.""
""""
""If load increases, I scale workers — not endpoints.""
""""
""⸻""
""""
""The real ideology""
""""
""Make users wait only for absolute must-haves.""
""Everything else becomes observable, retryable background work.""
""""
""This approach scales cleanly in distributed systems and protects core APIs under load.""
""""
""⸻""
""""
""Next up: caching — pushing data as close to users as possible (L3 where feasible), and coordinating cache invalidation through background jobs instead of guesswork.""
""""
""⸻""
""""
""New here? I’m Ifeanyi Okafor 👨‍💻. I share real-life experiences navigating my tech career and the lessons I pick up along the way.","","",MEMBER_NETWORK
2025-12-15 13:18:24,https://www.linkedin.com/feed/update/urn%3Ali%3AugcPost%3A7406321733538054144,"🚀 Ventree — Simplified Bookkeeping for Everyday Merchants""
""""
""For the past 5 weeks, we’ve been building Ventree with one clear goal:""
""make daily bookkeeping effortless for merchants.""
""""
""Like every MVP, we focused on solving the most painful problems first. Our initial rollout includes:""
""""
""✅ Point of Sale (POS)""
""✅ Expense Tracking""
""✅ Stock Management & Restock Alerts""
""✅ Business Insights & Reports""
""✅ Staff Management""
""""
""👉 Explore the MVP: https://ventree.app""
""🔎 Demo shop (fully running store):""
""• Business Name: Ventree Superstore""
""• Phone: 07047972707""
""• Password: Ven3app.2025$""
""""
""These features only scratch the surface of what Ventree is becoming, but they already help merchants spend less time on records and more time growing their businesses.""
""""
""🙌🏾 Huge appreciation to the team that made this possible""
""""
""Designers:""
""Lotachukwu Oranu , Deborah David , Akachukwu Okwuchukwu, Sunday Blessing ""
""""
""Developers: ""
""Ifeanyi Okafor , Ezinne Edmund , Salem Onah , Ozioma Egole , Chukwuanugo Eke , Victor Okolie ""
""""
""Project Managers: ""
""Mawuli Ejere, Thomas Samuel""
""""
""Quality Assurance: ""
""Precious Akpan, Sharon Nwoke""
""""
""Data Analyst: ""
""Ant Datafarm ""
""""
""Your dedication brought this product to life 💙""
""""
""We’re currently finalizing and integrating key feedback from early users and will be ready for an official launch in Q1 🚀""
""""
""Tech Stack: MERN""
""""
""If you’re a merchant, operator, or builder passionate about simplifying business operations, I’d love to connect.""
""""
""#Startup #MVP #SaaS #Bookkeeping #POS #Entrepreneurship #MERN #ProductBuilding #Ventree","","",MEMBER_NETWORK
2025-11-18 09:55:30,https://www.linkedin.com/feed/update/urn%3Ali%3Ashare%3A7396486202490695681,"Switching From localStorage to Redux Persist for Better UX""
""""
""We’ve all been in that situation where you update your profile or edit a post… and the old information stays there for a few seconds — sometimes until you refresh or even log out.""
""""
""That’s not a great user experience.""
""""
""I realized that relying on localStorage to hold and display user information makes issues like stale data almost unavoidable. That’s one of the major reasons I switched to Redux Persist for storing user state.""
""""
""Redux Persist works almost the same way as localStorage after setup, but with one important advantage:""
""""
""✅ Automatic state updates after invalidation""
""""
""When data changes, Redux Persist rehydrates your store with fresh values automatically. No refreshing. No logging out. No confusion for the user.""
""""
""The result?""
""""
""🎯 Smoother user experience""
""""
""🎯 Instant reflection of updates""
""""
""🎯 More confidence that the app responded to their action""
""""
""Happy users = better retention.""
""And users shouldn’t have to wonder whether your app actually “heard” them.""
""""
""I’m sure there are many other ways to improve user experience that I’ve not discovered yet, and I’m always open to learning.""
""""
""❓ What’s one edge case you’ve solved that made your users’ lives easier?""
""Share in the comments — I’d love to learn from your experience.""
""""
""⸻""
""""
""New here? I’m Ifeanyi Okafor 👨‍💻.""
""I share real-life experiences from my software engineering journey and the lessons I pick up along the way.","","",MEMBER_NETWORK
2025-11-03 17:00:48,https://www.linkedin.com/feed/update/urn%3Ali%3Ashare%3A7391157414600970240,"I used to think growth meant learning new frameworks every few months.""
""Now I realize it’s about depth, understanding why things work, not just how to use them.""
""""
""Lately, I’ve been building full-stack projects with NestJS and React, and I’ve noticed something:""
""Bugs don’t take time anymore. Everything feels easier and more predictable.""
""""
""It’s not that the work got simpler; it’s that consistency built familiarity.""
""Solving similar problems repeatedly made patterns clearer, and with time, things just started to click.""
""""
""Working with AWS, Docker, and modular architectures also gave me a better sense of how systems connect, from backend logic to deployment. I stopped just using frameworks and started understanding the flow beneath them.""
""""
""Growth, for me, now means being consistent enough to reach that level of clarity,""
""where you’re not just writing code, but truly understanding the system you’re building.","","",MEMBER_NETWORK
2025-10-28 17:46:09,https://www.linkedin.com/feed/update/urn%3Ali%3Ashare%3A7388994495960301568,"""
""The Business Side of Tech! 💼""
""""
""Over the past month, I took a Business Course to strengthen my understanding of business development, from Ideation to Marketing, Funding, and Pitching.""
""""
""It was a beautiful experience seeing a product from the consumer’s point of view. It gave clarity to the saying “Building the product is the easy part”, which often sparks the classic friction between the marketing and development teams.""
""""
""I’ve always understood the theory behind market research, but this was my first time physically validating a market for a proposed idea. It made me realize how easy it is to build for yourself instead of your users.""
""""
""You really can’t afford not to know your customers. Studies show that more than 80% of startups fail because their products never achieve product–market fit.""
""""
""Here’s a simple structure that can guide you through building or running any business or startup:""
""""
""""
""Ideation""
""""
""Start with a clear insight, the “why” behind your idea. From there, define your key concepts and frame the right survey questions to uncover user pain points.""
""""
""""
""Market Research""
""""
""Meet your potential customers and have them respond to your survey. The broader the data, the better your understanding of the market potential.""
""""
""""
""Business Model""
""""
""Use a Business Model Canvas (I’ve dropped one in the comments). Adapt it to your case and fill in the blanks. Remember, developing the business model never really ends; keep improving it as you get feedback.""
""""
""""
""Marketing""
""""
""Focus on clarity and communication.""
""""
""Value Proposition: Explain why a customer should choose your product or service. Craft, test, and refine it continuously.""
""""
""Customer Discovery: Analyze feedback from your surveys to refine your idea and positioning.""
""""
""Branding: A brand isn’t just what people see; it’s how they feel about your product. Communicating the right emotions is key.""
""""
""Marketing Fundamentals: Define your market positioning and unique value proposition. Conduct a SWOT analysis, explore channels, and develop a detailed marketing plan.""
""""
""Market Analysis: Segment your market and study competitors. This helps you avoid wasted time, resources, and bootstrapped energy.""
""""
""""
""Legals""
""""
""Register and license your business early. It builds credibility and protects your work.""
""""
""""
""Financials""
""""
""Understand how your business makes and spends money.""
""""
""Financial Planning: Develop projections and a break-even analysis. Create a budget and identify key financial metrics to track.""
""""
""Funding Strategies: Explore your options, whether it’s bootstrapping, venture capital, or grants, and choose what fits your stage of growth.""
""""
""""
""Pitch : Check my last post for insights on how to deliver a perfect pitch.""
""""
""These are only surface-level summaries of broader topics, but following this framework gives you an edge in running any business or startup effectively.""
""""
""New here? I’m Ifeanyi Okafor 👨‍💻. I share real-life experiences navigating my tech career and the lessons I pick up along the way.","","",MEMBER_NETWORK
2025-10-23 16:37:52,https://www.linkedin.com/feed/update/urn%3Ali%3AugcPost%3A7387165372178833408,"How to Deliver the Perfect Pitch ✨""
""""
""Last week, I had the opportunity to pitch for a share of the ₦500m budget allocated to creating new income streams within the Tenece Professional Services Group.""
""""
""With two weeks to prepare, my goal was to find gaps that could still generate solid revenue and strengthen our position in the market. That part came naturally — research, data, and numbers.""
""""
""But here’s what most people miss: pitching isn’t just about what you say, it’s about how you deliver it. Many people have great ideas but fail to structure their thoughts clearly.""
""""
""Here are the 5 steps I used to clarify my points:""
""""
""1. Start with the goal : Outline the company’s objective (in this case, a 41% increase in net revenue).""
""2. Present the gap : Identify where new opportunities lie and why they matter now.""
""3. Show the value : Back every idea with numbers and clear impact.""
""4. Make it relatable : Use real examples and practical scenarios to connect your idea to results.""
""5. End with clarity : Summarize your key point and state your ask confidently.""
""""
""And just like that, in 5 minutes I was able to justify why 23% of the budget should go to Genesys Tech Hub, focusing on real solutions to real problems that could drive new income streams and match the company’s growth goals.""
""""
""A good pitch isn’t about speaking more; it’s about speaking clearly, with structure and purpose.""
""""
""#Pitching #Leadership #BusinessStrategy #Genesys #TeneceGroup #PublicSpeaking","","",MEMBER_NETWORK
2025-10-23 13:15:09,https://www.linkedin.com/feed/update/urn%3Ali%3AugcPost%3A7387114359585435648,"How to Deliver the Perfect Pitch ✨""
""""
""Last week, I had the opportunity to pitch for a share of the ₦500m budget allocated to creating new income streams within the Tenece Professional Services Group.""
""""
""With two weeks to prepare, my goal was to find gaps that could still generate solid revenue and strengthen our position in the market. That part came naturally — research, data, and numbers.""
""""
""But here’s what most people miss: pitching isn’t just about what you say, it’s about how you deliver it. Many people have great ideas but fail to structure their thoughts clearly.""
""""
""Here are the 5 steps I used to clarify my points:""
""""
""Start with the goal – Outline the company’s objective (in this case, a 41% increase in net revenue).""
""Present the gap – Identify where new opportunities lie and why they matter now.""
""Show the value – Back every idea with numbers and clear impact.""
""Make it relatable – Use real examples and practical scenarios to connect your idea to results.""
""End with clarity – Summarize your key point and state your ask confidently.""
""""
""And just like that, in 5 minutes I was able to justify why 23% of the budget should go to Genesys Tech Hub, focusing on real solutions to real problems that could drive new income streams and match the company’s growth goals.""
""""
""A good pitch isn’t about speaking more; it’s about speaking clearly, with structure and purpose.""
""""
""#Pitching #Leadership #BusinessStrategy #Genesys #TeneceGroup #PublicSpeaking","","",MEMBER_NETWORK
2025-10-23 09:53:04,https://www.linkedin.com/feed/update/urn%3Ali%3AugcPost%3A7387063503439773696,"How to Deliver the Perfect Pitch ✨""
""""
""Last week, I had the opportunity to pitch for a share of the ₦500m budget allocated to creating new income streams within the Tenece Group.""
""""
""With two weeks to prepare, my goal was to find gaps that could still generate solid revenue and strengthen our position in the market. That part came naturally — research, data, and numbers.""
""""
""But here’s what most people miss: pitching isn’t just about what you say, it’s about how you deliver it. Many people have great ideas but fail to structure their thoughts clearly.""
""""
""Here are the 5 steps I used to clarify my points:""
""""
""1. Start with the goal : Outline the company’s objective (in this case, a 41% increase in net revenue).""
""2. Present the gap : Identify where new opportunities lie and why they matter now.""
""3. Show the value : Back every idea with numbers and clear impact.""
""4. Make it relatable : Use real examples and practical scenarios to connect your idea to results.""
""5. End with clarity : Summarize your key point and state your ask confidently.""
""""
""And just like that, in 5 minutes I was able to justify why 23% of the budget should go to Genesys, focusing on real solutions to real problems that could drive new income streams and match the company’s growth goals.""
""""
""A good pitch isn’t about speaking more; it’s about speaking clearly, with structure and purpose.""
""""
""Also Remember Practice! Practice!! Practice!!!, you will surely get better at it""
""""
""#Pitching #Leadership #BusinessStrategy #Genesys #TeneceGroup #PublicSpeaking","","",MEMBER_NETWORK
2025-10-20 11:39:58,https://www.linkedin.com/feed/update/urn%3Ali%3AugcPost%3A7386003240934518785,"Won my first Hackathon!! 🏆""
""""
""We started with a simple question: what does the internet actually feel about something? That question became three weeks of building at the Enugu Campus Hackathon, where we proudly emerged second runner-up 🎉.""
""""
""Our project, iNOVA, began as a tool to help people understand the why behind market movements, offering qualitative insights into how a stock or crypto asset is perceived.""
""""
""But as we dug deeper, we saw something bigger. People express opinions, emotions, and reactions about everything online, not just finance. So we evolved iNOVA into something broader: a way to understand how the internet feels about anything with traction, from local businesses to global trends.""
""""
""Right now, we’re building the next phase by scraping data from social platforms, blogs, and RSS feeds to train an AI model capable of tracking shifts in public sentiment as they happen.""
""""
""🔗 Live MVP  - https://lnkd.in/dh_ZRKyw""
""""
""What started as a challenge has turned into something we genuinely want to grow. If you’ve worked on projects that blend data, context, and human insight, I’d love to connect.""
""""
""Big thanks to my incredible teammates - Akuabata Okoye , Chimeremnma Ojinta , Chimdi Ojinta for turning an idea into an experience.""
""Here’s to many more! 🚀""
""""
""#Hackathon #Innovation #Tech #Teamwork #Data #Inova","","",MEMBER_NETWORK
2025-09-01 14:09:10,https://www.linkedin.com/feed/update/urn%3Ali%3AugcPost%3A7368283782891601920,"Unifying Multiple User Types into a Single Auth System.""
""","","",MEMBER_NETWORK
2025-07-22 07:56:14,https://www.linkedin.com/feed/update/urn%3Ali%3AugcPost%3A7353332030052491264,"DevOps Certified 🏆""
""""
""As a Backend Engineer, I’ve often found myself stepping into DevOps territory — not by title, but by necessity.""
""""
""From setting up automated deployments, reverse proxies, and load balancers, to optimizing infrastructure costs, container orchestration, logging, and monitoring — I’ve been hands-on with it all.""
""""
""While I recognize that DevOps goes even deeper, my journey so far has been far from basic. ""
""""
""To back this up, I recently earned an international certification from the International DevOps Certification Academy™  guided by Yeliz Obergfell ""
""""
""This certification not only validates my experience but also fuels my drive to keep learning and building scalable systems the right way.""
""""
""As always, I’m Ifeanyi Okafor, a Fullstack Engineer 👨🏾‍💻 ""
""""
""""
""#DevOps #BackendEngineering #Infrastructure #Automation #CostOptimization #CI/CD #Containerization #Certification","","",MEMBER_NETWORK
2025-06-16 12:30:36,https://www.linkedin.com/feed/update/urn%3Ali%3Ashare%3A7340355113305149440,"🛠️ The Prisma Migration Drift That Almost Cost Me My Job!""
""""
""Migration drift had always been a black box to me, until a few weeks ago.""
""""
""An incident occurred, someone on the team created a couple of migrations, and somehow, the local migration files vanished. Everyone claimed they didn’t have them. 🥲""
""""
""As the Backend Team Lead, I needed a solution—fast. No one could make any database edits without resetting it, and at this point, features were already weeks behind. My supervisor’s patience was running out.""
""""
""After a few hours of digging, I finally stumbled on the perfect article.""
""""
""Here are the 5 steps I took to recover the missing migration files:""
""	1.	Fetched the missing migration names from the database’s _prisma_migrations table.""
""	2.	Recreated the missing migration files manually, covering as much schema info as possible.""
""	3.	Recalculated a checksum for each new migration file.""
""	4.	Updated the _prisma_migrations table with the new checksum values.""
""	5.	Ran a fresh migration to resolve all previous drifts and re-align the state.""
""""
""This entire experience taught me some important lessons:""
""	•	Prisma tracks migration integrity using the _prisma_migrations table.""
""	•	Always read CLI messages carefully—especially ones related to schema or drift. Never reset blindly.""
""	•	Backups are life. One wrong step with a production database could mean irreversible damage—and probably your job.""
""""
""That’s how I fixed a critical migration drift issue under pressure, and what I learned from it as a Backend Lead. If you ever run into something similar, I hope this post finds you in time.""
""""
""""
""New here? 👋""
""I’m Ifeanyi Okafor, a Fullstack Engineer 👨🏾‍💻 focused on building fast, scalable, user-first web applications using React and NestJS.","","",MEMBER_NETWORK
2025-06-09 07:59:59,https://www.linkedin.com/feed/update/urn%3Ali%3AugcPost%3A7337750295076077568,"Frontend Standardisation Test on React & Redux (RTK & RTK Query)""
""""
""After 6 months of frontend internship at Genesys Tech Hub, I was given a standardisation test to certify my skills.""
""""
""I was tasked with building a one-page website in a week. Personally, I felt the timeline was perfect. I used the first 3 days to take a break and organise my thoughts on how to approach the project.""
""""
""Here’s a quick recap:""
""""
""5 Steps to Bringing My Design to Life""
""	1.	UI First — Started with Desktop-first design, as it was more UI-intensive, then adapted to Mobile.""
""	2.	QA Analysis & Feedback — Got a friend to review the UI vs. design and implemented their feedback.""
""	3.	API Integration — Using Redux Toolkit and RTK Query for fetching, caching, and invalidating data.""
""	4.	Hosting — Tried Netlify for deployment (spoiler: had an error that taught me something new!).""
""	5.	Live Testing & Polishing — Final pass to ensure everything looked and worked as intended.""
""""
""My Experience""
""""
""UI/UX: UI integration is one of my strong suits — I brought the design to life using React and CSS modules with attention to pixel-perfect detail.""
""""
""API Integration: I needed this on the product section where I consumed data from DummyJSON. For the “Load More Products” feature, I used Redux Toolkit Query to manage API calls, and a Redux Toolkit Slice to handle the skip state value for pagination on button clicks. Although Redux has a reputation for being complex, a 30-minute tutorial was enough to get me started. Adding APIs and managing cache invalidation afterward was surprisingly smooth and efficient.""
""""
""Hosting: Initially faced an error on Netlify, thought it was platform-specific, but switching to Vercel and seeing the same issue showed me it was my bug — valuable debugging experience!""
""""
""Deliverables:""
""Live URL - https://lnkd.in/dZ6GsU3f""
""Design File - https://shorturl.at/YxahZ/""
""""
""Overall:""
""I’m proud of the progress and happy to say that from now on, I will be consuming my own APIs as a full-fledged FullStack Developer! 🚀""
""""
""#React #CSS #Redux #Netlify #FrontendDevelopment #FullStackJourney","","",MEMBER_NETWORK
2025-05-14 10:00:42,https://www.linkedin.com/feed/update/urn%3Ali%3AugcPost%3A7328358588102402048,"🚀 Leading Frontend Development for Gbese – A Fintech Innovation in Progress 💳💡""
""""
""Over the past few weeks, I’ve had the privilege of leading the Frontend Team for Gbese, a fintech app with a unique twist — it allows users to transfer debt from themselves to a second or third party for repayment. Yes, it’s as bold as it sounds.""
""""
""⏳ With a 4-week timeline, we’re now at:""
""""
""✅ 80% UI completion""
""✅ 40% core functionalities done""
""""
""I introduced and managed our GitHub branching strategy, overseeing all merges, conducting code reviews, and ensuring consistency across layouts and components. Our development flow was built on:""
""""
""🧩 Project Milestones:""
""""
""Seamless Login & Signup""
""Functional Authentication & KYC pages""
""Developed the main layout (sidebar, top bar)""
""Modularized all feature pages using dynamic React Outlets""
""Daily stand-ups & demo sessions to sync progress and encourage collaboration""
""""
""🛠️ Our Tech Stack:""
""""
""React.js for frontend development""
""Tailwind CSS for fast, consistent styling""
""Figma for design interpretation & component structuring""
""""
""Every team member had ownership of key features, and I ensured no one was left behind — guiding, supporting, and aligning all efforts to ship a clean, cohesive product.""
""""
""This journey is not just about building Gbese — it’s about building the team that builds Gbese.","","",MEMBER_NETWORK
2025-04-19 10:42:51,https://www.linkedin.com/feed/update/urn%3Ali%3Ashare%3A7319309501277331456,"🛠️ Auto Downscaling Former Pro Users Who Skip Payments""
""""
""I used to enjoy this little hack on a few platforms — subscribe for a month, empty my card, and keep accessing pro features until someone manually boots me out 😅.""
""""
""Ironically, this same loophole became my weekly engineering task — but this time as a problem to fix.""
""""
""Turns out, some of our former Pro merchants were still enjoying premium features even after their subscription failed — costing the business real money. Here’s how I permanently solved it:""
""""
""📍 Identified the right webhook (Paystack) to detect failed subscription payments and trigger a downscale function.""
""""
""📍 Soft-deleted stores and products instead of hard-deleting them — making it easy to toggle access on/off without losing data.""
""""
""📍 Sorted all merchant stores by revenue, then disabled every store except the highest earner — only one store survives the cut on the free tier plan.""
""""
""📍 Sorted products by order count, then disabled those below the free plan threshold — this ensures only bestsellers stay visible.""
""""
""From now on, a failed subscription = automatic downgrade to the free plan after 24 hours.""
""Only their top store and best-performing products remain visible — no more Pro perks for free.""
""""
""⸻""
""""
""Curious: how would you have handled this in your product?""
""I’ve dropped a code snippet below if you want to peek at the approach.""
""""
""Also… if you know any app that still has this “flaw,” please DM me so I can milk them too 😂","","",MEMBER_NETWORK
2025-04-14 15:05:25,https://www.linkedin.com/feed/update/urn%3Ali%3AugcPost%3A7317563635893968899,"🛠️ Design Sprint & SCRUM: How I Contributed to Building a User-Friendly App as a Frontend Engineer. ""
""""
""Over the past two weeks, I had the privilege of collaborating with a cross-functional team to develop innovative solutions that drive real impact — all while applying two major Agile frameworks: Design Sprint and SCRUM.""
""""
""Let me walk you through two significant projects that showcase my expertise:""
""""
""1️⃣ Healthcare Accessibility Mobile App – Clinico (Design Sprint)""
""""
""Clinico is a healthcare solution that helps individuals book consultation sessions with medical professionals within their local area. The goal was to build a user-friendly mobile app that streamlines the booking process, improves patient satisfaction, and ensures seamless communication between patients and healthcare providers.""
""""
""My contributions:""
""""
""📍Sketched the user flow from the problem statement, identifying the core elements for the MVP.""
""📍Led data gathering through expert interviews with medical practitioners and user surveys.""
""📍Created a solution sketch and presented my thought process to the team.""
""📍Documented “How Might We” questions and participated in the voting process to prioritize the best direction.""
""""
""🔗 Figma Prototype - https://lnkd.in/gmSwW95z""
""""
""""
""2️⃣ Civic-Tech Web Application – CivicLink (SCRUM)""
""""
""CivicLink is a civic-tech web platform aimed at bridging the gap between Nigerian citizens and government representatives. It fosters transparency, accessibility, and constructive engagement by helping citizens easily identify the right authorities to contact for various civic issues.""
""""
""My contributions:""
""""
""📍Led the frontend team to implement the designed screens.""
""📍 Built multiple responsive web pages from raw Figma designs.""
""📍 Made key decisions around design flow to ensure we met MVP targets within the timeframe.""
""📍 Integrated API calls to fetch dynamic data from the backend.""
""📍 Developed reusable components for scalable UI development.""
""""
""🧰 Tech Stack""
""""
""Frontend: React, TailwindCSS, CSS, Axios""
""Collaboration: Cross-functional teamwork with designers, backend engineers, Project Managers, Data Analysts and Digital Marketers""
""""
""🔗 Live App - https://lnkd.in/gcNV3sp5""
""📂 GitHub Repo - https://lnkd.in/gdHKRBtE""
""""
""Through these projects, I’ve demonstrated my ability to turn raw ideas and design concepts into functional, user-friendly applications — all while collaborating effectively to solve real-world challenges.""
""""
""🚀 Let’s connect and explore how Frontend Development can drive impact in your next project or organization!""
""""
""New here? I'm Ifeanyi, a FullStack Engineer 👨🏾‍💻.","","",MEMBER_NETWORK
2025-04-06 10:51:56,https://www.linkedin.com/feed/update/urn%3Ali%3AugcPost%3A7314600743959769089,"Ecosystem Mixer: Startups and Builders was fun!""
""""
""Lost a FIFA match 🥲""
""Won a Whot league 😂""
""Played Scrabble with my friends.""
""Had deep conversations about career paths with a couple of Senior Engineers ⚡️—definitely grew my network!""
""""
""Tech hangouts always have a way of positively influencing my work and showing me what the light at the end of the tunnel looks like through others’ experiences.""
""""
""Huge thanks to GDG Enugu Godson Njoku & Precious Onyewuchi  for hosting this amazing event. I’m already looking forward to the Enugu Tech Festival coming up soon!""
""""
""#etf","","",MEMBER_NETWORK
2025-03-26 14:07:10,https://www.linkedin.com/feed/update/urn%3Ali%3AugcPost%3A7310663610102431746,"⚒️ Built a User Management List using Redux for Global State Management""
""""
""This is my Week 13 assignment with Learnable at Genesys Tech Hub. Frontend Ecosystem facilitated by Charles Oriih 👨🏾‍💻""
""""
""This week, we covered three major topics:""
""- API Calls""
""- Global State Management (GSM)""
""- React Query""
""""
""This post focuses more on GSM because it was the most challenging part for me.""
""""
""What is Global State Management (GSM)?""
""""
""GSM means storing data that needs to be shared across the entire application. In the past, I relied on Props and Context API, but now I’m upskilling with Redux for better scalability and efficiency.""
""""
""Key GSM Concepts :""
""📍 State : The data used to render the UI or perform business login.""
""📍 Global State: State that needs to be shared between multiple components.""
""📍 Centralized Storage : A single source of truth where all components can access or update the state.""
""📍 Actions: Functions or events that modify the global state.""
""📍 Reducers: Functions that take the current state and an action, then return a new state.""
""📍  Selectors: Extracts specific piece of the global state for use in components.""
""""
""Why Use GSM?""
"" - Consistency: Ensures that all components relying on the same data stay in sync.""
"" - Scalability: Makes managing state easier as the application grows.""
"" - Decoupling: Reduces dependency between components by centralizing state management.""
""""
""When to use GSM""
"" - Complex Applications : When you have multiple interconnected components that need to access the same data. ""
"" - Shared Data: One data needed across different parts of your app""
"" - Frequent Update: When the same state is updated by various components, centralizing it helps keep data organized""
""""
""GSM Libraries ""
"" - Redux ""
"" - Context API""
"" - Zustang""
"" - Recoil ""
"" - ...and others""
""""
""Now, Let’s Talk Redux!""
""""
""Redux uses a central store to manage state, and reducers to update it.""
""""
""Core Concepts in Redux""
"" - Store : The global state container that holds the entire state tree, provides methods to access the state dispatches actions and subscribe to state changes.""
""- Slice: A collection of redux reducer logic and action for a specific feature""
""- Reducers: Define how the state changes based on dispatched actions.""
""- Middleware: Intercepts actions to add logic before they reach reducers.""
""""
""📌 Live Demo: https://lnkd.in/d6U6emXu""
""📌 Repository: https://lnkd.in/dnsegMvW""
""""
""Redux was challenging at first, but now I see how powerful it is for state management. Excited to explore more! 🚀""
""""
""I’m still practicing these concepts on bigger projects to solidify my skills.""
""""
""Open to collaborating with anyone who’s eager to learn and grow together.""
""""
""As always, I'm Ifeanyi, a Backend Engineer on the roadmap to Fullstack 👨🏾‍💻.""
""""
""#react ""
""#redux  ""
""#globalStateManagement","","",MEMBER_NETWORK
2025-03-20 06:59:28,https://www.linkedin.com/feed/update/urn%3Ali%3AugcPost%3A7308381647576412160,"⚒️ Learning and Implementing React Hooks!""
""""
""This is my Week 12 assignment with Learnable at Genesys Tech Hub. Advanced topics on React facilitated by Charles Oriih 👨🏾‍💻""
""""
""Several Key concepts I learned this week:""
""📍 Hooks:""
""    - UseState: Manages state in a functional component.""
""    - UseEffect: Handles side effects like data fetching or subscriptions.""
""    - UseRef: Accepts and manipulates DOM Elements or persist values without triggering a pre-render.""
""    - UseContext: Allows me to avoid prop drilling by providing a way to share data around deeply nested components without passing props manually.""
""""
""📍 React Hooks Provide features for managing State, Side Effect, DOM manipulation and context sharing functional components.""
""""
""📍 Routing: ""
""The Router DOM helps manage routing in react applications allowing you to create different routes for different components so users can navigate between pages without reloading the browser. ""
""- Key components like""
""    - Browser Router : Holds literally everything.""
""    - Routes : Wraps multiple Route components together.""
""    - Route: Renders the component for the route.""
""    - Links: Directs to the path assigned to it. ""
""    - Navigate : Used to send a user to another page on request.""
""    - Outlets: Used to render nested components inside a parent route.""
""""
""- Dynamic Routing : Adding use of params to routes for features like adding an Error Handling Page [` linkedIn/:params `]""
""""
""""
""📌 Live Demo: https://lnkd.in/gXpRvyDf""
""📌 Repository: https://lnkd.in/gQEEbH5d""
""""
""This was fun-- The ending part to be precise when things started to come together. Felt like writing backend code especially when I started including routes and reusable components, Same thing I would do using routes, controllers and services. Different names, same pattern.""
""""
""Even with my existing background this was still a steep learning Curve and I'm glad I signed up for this!""
""""
""As for the UI, I faced some UI challenges, which I’ll refine after my grading. For now I have another task to face! 🥲 ""
""""
""Always open to learning—if you have any tips on using Hooks efficiently, drop them below!""
""""
""As always, I'm Ifeanyi, a Backend Engineer on the roadmap to Fullstack 👨🏾‍💻.""
""""
""""
""#react #hooks #build #css","","",MEMBER_NETWORK
2025-03-20 06:48:27,https://www.linkedin.com/feed/update/urn%3Ali%3AugcPost%3A7308378873904173056,"⚒️ Learning and Implementing React Hooks!""
""""
""This is my Week 12 assignment with Learnable at Genesys Tech Hub. Advanced topics on React facilitated by Charles Oriih 👨🏾‍💻""
""""
""Several Key concepts I learned this week:""
""📍 Hooks:""
""      - UseState: Manages state in a functional component.""
""      - UseEffect: Handles side effects like data fetching or subscriptions.""
""      - UseRef: Accepts and manipulates DOM Elements or persist values without triggering a pre-render.""
""      - UseContext: Allows me to avoid prop drilling by providing a way to share data around deeply nested components without passing props manually.""
""""
""📍 React Hooks Provide features for managing State, Side Effect, DOM manipulation and context sharing functional components.""
""""
""📍 Routing: ""
""The Router DOM helps manage routing in react applications allowing you to create different routes for different components so users can navigate between pages without reloading the browser. ""
""- Key components like""
""      - Browser Router : Holds literally everything.""
""      - Routes : Wraps multiple Route components together.""
""      - Route: Renders the component for the route.""
""      - Links: Directs to the path assigned to it. ""
""      - Navigate : Used to send a user to another page on request.""
""      - Outlets: Used to render nested components inside a parent route.""
""""
""- Dynamic Routing : Adding use of params to routes for features like adding an Error Handling Page [` linkedIn/:params `]""
""""
""""
""📌 Live Demo: https://lnkd.in/gXpRvyDf""
""📌 Repository: https://lnkd.in/gQEEbH5d""
""""
""This was fun-- The ending part to be precise when things started to come together. Felt like writing backend code especially when I started including routes and reusable components, Same thing I would do using routes, controllers and services. Different names, same pattern.""
""""
""Even with my existing background this was still a steep learning Curve and I'm glad I signed up for this!""
""""
""As for the UI, I faced some UI challenges, which I’ll refine after my grading. For now I have another task to face! 🥲 ""
""""
""Always open to learning—if you have any tips on using Hooks efficiently, drop them below!""
""""
""As always, I'm Ifeanyi, a Backend Engineer on the roadmap to Fullstack 👨🏾‍💻.""
""""
""""
""#react #hooks #build #css","","",MEMBER_NETWORK
2025-03-10 14:37:24,https://www.linkedin.com/feed/update/urn%3Ali%3AugcPost%3A7304873010715410432,"⚒️ My First Experience using React.""
""""
""This is my Week 11 assignment with Learnable at Genesys Tech Hub. React Fundamentals 1""
""""
""Key topics I learned this week:""
""📍 Setting up React and understanding its file structure.""
""📍 Components both class and functional""
""📍 Props and their immutable nature. ""
""📍 Conditional rendering ""
""""
""Live Demo: https://lnkd.in/dVeJkwgw""
""""
""I really appreciate React’s logical structure and the DRY principle it promotes. Coming from Vanilla JS, it’s refreshing not to write piles of code just to align a structure.""
""""
""Still battling CSS, but making progress! 😂 ""
""""
""What was your first experience with React like?""
""""
""As always, I'm Ifeanyi, a Backend Engineer on the roadmap to Fullstack 👨🏾‍💻.""
""""
""#react #build #css","","",MEMBER_NETWORK
2025-02-21 14:03:38,https://www.linkedin.com/feed/update/urn%3Ali%3Ashare%3A7298703919608672256,"🚀 Shipping Custom Domains Feautre on Cartle.io!""
""""
""Continuing the journey of building Cartle, an E-commerce SaaS startup that helps merchants launch an online store in under 10 minutes—tracking customer visits, orders, and everything else a robust e-commerce solution offers.""
""""
""💡 New Feature Alert: Custom Domains for Prime Merchants!""
""Merchants can now use their own business domain instead of the default subdomain (arctic-luxuries.cartle.io → arcticluxuries.com).""
""""
""🔒 Bonus: This feature automatically provides free SSL certificates for enhanced security! 🎉""
""""
""Implementation Steps via Endpoints:""
""""
""📍 Domain Verification – Generates a TXT record for domain ownership verification.""
""📍 Validate Verification – GET request confirms TXT record addition.""
""📍 Configure DNS – Merchants add a CNAME record pointing to Cartle’s server.""
""📍 SSL Certificate (Optional) – AWS Certificate Manager issues SSL, requiring a DNS validation CNAME.""
""📍 Verify SSL Certificate (Optional) – GET request confirms validation.""
""📍 Update CloudFront CDN – Syncs Cartle’s database and CloudFront with the latest domains and SSL certs.""
""""
""Technical Tools deployed:""
""📌 AWS SDK""
""📌 AWS Certificate Manager (ACM)""
""📌 AWS CloudFront""
""📌 AWS Route 53…""
""""
""At Cartle, we know DNS setups can be complex, so, our support team is always ready to assist our Merchants in getting it up and running quickly.""
""""
""💬 Have you implemented a similar feature before? Do you know a more effective way to make this process even smoother?""
""""
""I’m Ifeanyi, a Backend Engineer on the roadmap to Fullstack! 👨🏾‍💻""
""""
""#AWS #Cartle #Backend #DNS","","",MEMBER_NETWORK
2025-02-10 13:40:05,https://www.linkedin.com/feed/update/urn%3Ali%3AugcPost%3A7294711727265320960,"🛠️ I built this responsive IQ-Test App in 5 hours using Vanilla HTML, CSS & JavaScript""
""""
""This is my Week 7 assignment with Learnable at Genesys Tech Hub, facilitated by Ifenna Monanu""
""""
""Key topics I learned this week:""
""📍 JavaScript DOM Manipulation""
""📍 Arrays and Higher-Order Functions [filter(), map(), reduce(), foreach()]""
""📍 Why async/await is preferred over Promises (avoiding callback hell)""
""📍 JavaScript Module System""
""""
""Applying feedback from my last post:""
""📌 Built Mobile-First, making the Desktop view a breeze! 🔥""
""""
""Live URL: https://lnkd.in/dvFRTpm5""
""""
""Took the test? Drop your first-try score in the comments!""
""""
""P.S: It wasn’t built for you to ace it, actually. 😂""
""""
""I'm Ifeanyi, a Backend Engineer on the roadmap to Fullstack 👨🏾‍💻.""
""""
""#html #css #javascript #webapp","","",MEMBER_NETWORK
2025-02-02 09:52:03,https://www.linkedin.com/feed/update/urn%3Ali%3AugcPost%3A7291755239135703040,"🛠️ I built this website in 48 hours using Vanilla HTML & CSS""
""""
""This is my Week 7 assignment with Learnable at Genesys Tech Hub""
""""
""Key takeaways from this experience""
""📍Always write your html from a CSS(styling) point of view.""
""📍Use tree-structured, descriptive names for your CSS styling.""
""📍Avoid excessive reuse of styles unless you’re experienced.""
""📍Cover yourself with the Blood of Jesus, because CSS is next to crazy!.""
""""
""If you’ve been here before, What are some CSS struggles you’ve faced?""
""""
""I'm Ifeanyi, a Backend Engineer on the roadmap to Fullstack 👨🏾‍💻.""
""""
""#html #css #website","","",MEMBER_NETWORK
2025-01-26 10:02:26,https://www.linkedin.com/feed/update/urn%3Ali%3AugcPost%3A7289221135810850816,"The Challenges don’t mean stop, they mean level up 💡","","",MEMBER_NETWORK
2025-01-26 08:57:45,https://www.linkedin.com/feed/update/urn%3Ali%3Ashare%3A7289204856194568192,"🚀 Starting My 2025 Roadmap to Frontend Development!""
""""
""I’ve recently taken a deeper dive into HTML, exploring its structure and semantics—and it’s been an eye-opening journey. Understanding how semantic HTML impacts the visibility of web applications among millions and its role in SEO has given me a whole new perspective. 🌐""
""""
""As someone coming from a backend background, this aspect of programming was somewhat of a black box. But I’m thrilled to step out of the loop and see how even simple semantic tags can elevate your site, reduce reliance on <div>flooding, and improve accessibility and collaboration.""
""""
""In my latest article, I take a closer look at how Semantic HTML can put your website ahead of the competition while making it more accessible for all. A big thank you to Yibaebi Elliot, facilitator at Genesys Tech Hub (Learnable), for encouraging me to dive deeper into this topic!""
""""
""Check out the article here 👇 ""
""""
""Let’s keep the conversation going! Have you leveraged semantic HTML for better SEO and accessibility in your projects?""
""""
""I’m Ifeanyi, an aspiring Frontend Engineer passionate about writing clean and effective code . I hope this article has given you valuable insights into the importance and benefits of semantic HTML.""
""""
""#frontend #seo #contentStrategy  #webDevelopment","","",MEMBER_NETWORK
2025-01-17 14:12:12,https://www.linkedin.com/feed/update/urn%3Ali%3Ashare%3A7286022500579217408,"Skipped a Tiny step and everything went ka-boom 💥 🫠""
""""
""I recently started writing test on a TypeScript - Express project using Jest, as you already know tests are important—but not a must have, till you run into refactoring problems. 😑""
""""
""Since I’m all in for the latest trend.. “Prisma”. ""
""By the way, they have a pretty elaborate guide on Testing, for both Unit and Integration. ( You should check it out ).""
""""
""This is where I noticed, I had a problem…""
""""
""On the Unit testing examples, they had Dependency Injection everywhere, and nothing was hard coded even the prisma DB calls itself, so now I had a bigger issue, cause literally all my services had their DB call hardcoded. ""
""""
""Truth is, my taught process never went there.. at all. I looked it up and found out it was actually standard procedure, especially when you want to make provision for Unit testing, you can then easily parse in your mocked DB, then test.""
""""
""Only solution for me now would be, refactoring all my services to parse the Prisma Dependency along other parameters to ensure it follows “Pure Dependency Injection Design Pattern” (Which I am just finding out too 🥲).""
""""
""Realizing I didn’t have the time for that, I just continued with Integration Test, where I can test each route with their required payload then weigh my expected values. ""
""""
""Integration Testing still works fine, although Unit Tests was meant to be my first line of defence before Integration, as I had mapped in my head.""
""""
""Now I have a long way to go, with refactoring all my services to follow strict Dependency Injection design pattern. ""
""""
""Uhhh, I wish I knew this sooner! ""
""""
""🤔 Now am curious, what little step have you skipped that ended up becoming a huge problem ? 📈""
""""
""♻️ Got value ? Repost for other software Engineers to see.""
""""
""New to my content? I’m Ifeanyi, a Backend Engineer.","","",MEMBER_NETWORK
2025-01-08 14:00:22,https://www.linkedin.com/feed/update/urn%3Ali%3Ashare%3A7282758033426800640,"🛠️ Ever Wondered What Production Bugs Feel Like?""
""""
""They’re like rushing to fetch water with a bucket, only to realize you spilled half of it along the way—and the part you saved isn’t what you needed.""
""""
""That’s how I used to write my API endpoints: fetching everything “just in case” and wasting resources, only to end up with slow performance. Then I discovered the game-changing principle: “RETURN ONLY WHAT YOU NEED.”""
""""
""Hearing this for the first time sounded smart but I didn't really get it, now lets narrow this down to where it applies, DATABASE.""
""""
""When making database calls, it's common to fetch more data than necessary, especially when validating user details. While this might seem harmless in small applications, the redundancy can quickly escalate, leading to slow API performance.""
""""
""To Avoid this pitfall, the best approach would be to select only specific data needed from the database rather than relying on the default ""Return Row"" approach. This targeted approach ensures that your query only retrieves the necessary information, reducing waste and improving performance.""
""""
""Another common mistake is the smart need to create a multipurpose service that can serve multiple controllers. While this might seem like an easy way out it can lead to complexity and slow API performance as the number of API calls grows.""
""""
""Like the Zens say ""Better simple than complex"", ""Better complex than complicated.""""
""""
""You can strike a balance between code simplicity and performance using this pro tip.""
""""
""So what's your pick? Would you rather write more code for a faster API or less code for a slow API?","","",MEMBER_NETWORK
2024-12-25 10:45:35,https://www.linkedin.com/feed/update/urn%3Ali%3Ashare%3A7277635585475825664,"🎄 Merry Christmas, Everyone! 🎄""
""""
""As we wrap up another year of coding, debugging, and building amazing things, I want to take a moment to wish all my connections—especially my fellow software developers—a joyous holiday season.""
""""
""This season is a reminder that, just like our code, life is better when it’s shared, improved, and celebrated. Whether you’re pushing that last feature to production or spending time with loved ones, I hope you find joy in every moment.""
""""
""Thank you for being part of my journey this year. Here’s to more learning, growth, and innovation in the year ahead!""
""""
""Stay merry, stay curious, and don’t forget to take a well-deserved break—your pull requests can wait 😉.""
""""
""Happy Holidays and a Prosperous New Year!""
""""
""– Ifeanyi 🎉","","",MEMBER_NETWORK
2024-12-13 17:56:02,https://www.linkedin.com/feed/update/urn%3Ali%3Ashare%3A7273395258166497280,"🛠️ How I Set Up Subdomains for My Multi-Tenant E-commerce Application Using AWS""
""""
""As part of building a scalable, multi-tenant e-commerce solution, I implemented subdomain management using AWS. ""
""""
""While a link to the technical deets is provided below, here’s an overview of the project:""
""""
""📍	Domain Management: Transferred my domain to AWS Route 53 for centralized DNS management.""
""📍	Application Hosting: Deployed my static application to AWS S3, leveraging its simplicity and cost-effectiveness for hosting.""
""📍	Wildcard SSL Certification: Used AWS Certificate Manager to secure my domain wildcard (e.g., *.example.com) for all subdomains.""
""📍	Content Delivery Network: Created a CloudFront distribution to serve my application efficiently and ensure low latency for end-users.""
""📍	DNS Configuration: Mapped my domain wildcard to the CloudFront distribution through Route 53 for seamless subdomain redirection.""
""📍	Deployment Automation: Set up GitHub Actions for automated deployment to S3 and cache invalidation on CloudFront, ensuring that code updates are reflected immediately.""
""""
""End Result""
""📌	All subdomains under *.example.com are secured and properly redirect traffic to the application.""
""📌	Each subdomain dynamically fetches store-specific data using the Origin domain header, providing a customized user experience.""
""""
""This project has been a fulfilling learning journey, tackling real-world challenges and implementing solutions for a scalable multi-tenant architecture.""
""""
""Want to dive deeper into the technical details? Check out my full article here.""
""""
""♻️ Found this helpful? Share it with others who might need that extra push.""
""""
""#aws #devops #cloud",https://link.medium.com/vI3eKUdFiPb,"",MEMBER_NETWORK
2024-12-10 18:43:47,https://www.linkedin.com/feed/update/urn%3Ali%3AugcPost%3A7272320107635240960,"DevFest 2024: What a Day!""
""""
""This year, I got to experience DevFest Enugu in a whole new way—as a volunteer in the protocol team! I worked side by side with Godson Njoku to keep things running smoothly!""
""""
""The event was packed with awesome moments:""
""""
""📍 Learned from Senior Engineers: Got some solid advice on putting myself out there in the tech space—definitely leveling up!""
""""
""📍 Caught up with Joshua Nwankwo Founder of LetsDap: His app helps people connect at events and rewards them for it—genius! I made some great connections through it and helped others!""
""  ""
""📍 Met Calista Ohama  We clicked instantly. Turns out we’ve both worked at similar startups, faced the same chaos with government contracts, and even built similar projects. Small world, right?""
""""
""The most significant lesson I learnt from the gathering is that going the extra mile always pays off.""
""""
""I've never felt so in-sync with a tech event before but this was the first and I’m beyond hyped for more events like this. Big thanks to everyone who made DevFest Enugu unforgettable. Till we meet again! ""
""""
""📸 - Collins Chukwuani ""
""""
""#DevFestEnugu #TechCommunity #LetsDap #BigWins","","",MEMBER_NETWORK
2024-11-28 08:28:09,https://www.linkedin.com/feed/update/urn%3Ali%3Ashare%3A7267816523816202240,"The Error That Made Me Feel Like a Newbie Again - Heap Allocation Error""
""""
""In the world of #Software Development, encountering a bug that takes down production can be a humbling experience. Today, I’ll share my experience with a Heap Allocation Error—the kind of issue that makes you question everything you know.""
""""
""""
""What Is a Heap Allocation Error?""
""""
""This error occurs when your application runs out of memory while trying to allocate space in the heap, a region of memory used to store dynamically allocated data. It’s commonly caused by two scenarios:""
""📍 Memory Leaks: When memory isn’t released after being used, leading to exhaustion over time.""
""📍 ⁠Limited RAM: When the system’s allocated memory is insufficient for the app’s demands.""
""""
""""
""How It Happened""
""""
""The root cause of my issue was insufficient RAM. After pushing a major update, the system’s demands increased, and with the tight memory limits on my #AWSLightsail instance, it couldn’t start up successfully. This triggered the dreaded heap allocation error, temporarily taking production offline—a stressful and eye-opening experience.""
""""
""""
""Temporary Fix""
""""
""To address the issue quickly, I upgraded my Lightsail instance to one with more RAM. This provided the system with enough memory to start up and run smoothly, allowing production to recover while I investigated further.""
""""
""""
""Permanent Fix""
""""
""If a memory leak is identified as the root cause, solving it requires a thorough debugging and optimization process:""
""	1.	Profiling the Application: Use tools like Node.js Heap Profiler or VisualVM to monitor memory usage and identify leaks.""
""	2.	Fixing Leaks: Look for objects that are no longer referenced but aren’t being garbage collected. Refactor code to ensure proper memory management.""
""	3.	Stress Testing: Simulate high-traffic scenarios to confirm the issue is resolved and the app can handle its workload.""
""""
""For a detailed guide on debugging memory leaks, I recommend this great article - https://lnkd.in/dCkw4Sqe""
""""
""""
""How to Identify a Memory Leak""
""""
""Detecting a memory leak often starts with observing memory usage patterns:""
""📍 If memory usage continuously grows without stabilizing, even when traffic decreases, a leak is likely.""
""📍 ⁠Tools like Chrome DevTools, Heapdump, or PM2 monitoring can provide valuable insights into memory usage trends.""
""""
""""
""Let’s Connect!""
""""
""Have you encountered a production bug that brought everything to a halt? Share your story in the comments or connect with me—let’s exchange lessons and grow together! 🚀""
""""
""""
""New here? I'm Ifeanyi, A #BackendEngineer 🧑‍💻 ""
""""
""#memoryManagement ""
""#debugging #heapAllocation","","",MEMBER_NETWORK
2024-11-17 13:26:06,https://www.linkedin.com/feed/update/urn%3Ali%3AugcPost%3A7263905239647277056,"Feeling burned out by tech? Attending a tech event is my perfect way to reset—networking, learning, and unwinding all in one.""
""""
""Yesterday at Genie Unwind was such a cool experience!! Got to hang out with techies and like-minded people, and here’s what stood out for me:""
""""
""📌 Joshua Mba  shared his career journey, and it really hit home. He talked about moving from just working on projects to actually making moves that count. His four key tips were:""
""	•	Make yourself indispensable""
""	•	Network and build strong connections""
""	•	Document everything you do""
""	•	Take your personal brand seriously""
""""
""📌 Sophie reminded us how powerful community can be and why it’s super important.""
""""
""📌 Had a deep convo with Charles Chinoziem-Best  (Senior FullStack Engineer). He shared some gems about what really goes into industry-level production, like:""
""	•	Keeping track of server responses""
""	•	Using KQL to dig into logs""
""	•	Why NestJS  structure is worth it""
""	•	JavaScript limitations with handling large numbers""
""""
""📌 Plus, I got to catch up with familiar faces and meet some amazing new ones.""
""""
""Key takeaway: Events like this mean different things to different people, but the trick is to use them to level up!""
""""
""How about you? What’s your major reason for attending events in your field?""
""I’ll go first in the comments! 👇""
""""
""New here? I'm Ifeanyi, A Backend Engineer 🧑‍💻""
""""
""Genesys Tech Hub  ""
""Inyene Ikpe ""
""Amara Onyeji ""
""""
""#techcommunity #learnable #geniesUnwind","","",MEMBER_NETWORK
2024-11-11 10:56:28,https://www.linkedin.com/feed/update/urn%3Ali%3Ashare%3A7261693254058827778,"Hybrid Work in Action: Deploying a Result Management Portal at MOUAU""
""""
""Last week, I had the rewarding experience of deploying a comprehensive Result Management Portal at Michael Okpara University of Agriculture, Umudike (MOUAU). This marks a significant step toward streamlining result processing for the institution.""
""""
""Key highlights:""
""	•	Met with 2 Deans to demo the portal and showcase its functionality, ensuring it meets their needs.""
""	•	Scheduled full staff training for next week to onboard the entire team and ensure seamless adoption of the platform.""
""	•	Collected student data from two pending colleges in the required CSV format, making sure the available colleges are ready for smooth integration.""
""""
""4 Key Lessons I Learned Along the Way:""
""→ Start Small and Scale""
""→ Listen to Feedback""
""→ Ensure Compatibility""
""→ Provide Adequate & Continuous Training""
""""
""How I initially stumbled: I underestimated user adoption barriers. High expectations or lack of user input in the implementation process may have played a role in this. But with these lessons in mind, I’ve been able to steer the deployment in the right direction.""
""""
""The journey continues this week, and I’m excited to see this platform improve efficiency and ease result management for staff and students. 🚀""
""""
""Now I’d love to hear your story. What lessons have you learned from deploying software in your career?""
""""
""New here? I'm Ifeanyi, a Backend Engineer 🧑‍💻.""
""""
""#OKOKSoft #pioneerinltd #tech #hybridwork #resultmanagement #MOUAU #softwaredeployment","","",MEMBER_NETWORK
2024-10-30 07:59:38,https://www.linkedin.com/feed/update/urn%3Ali%3Ashare%3A7257300102090788864,"Calling all Frontend Engineers, Mobile Engineers, and Designers! I’m looking for collaborators to help build a Loan Cooperative Package. My DMs are open!""
""""
""I know I can’t do it alone, but I can guarantee you’ll have an incredible team alongside you.""
""""
""#frontend #mobile #design","","",MEMBER_NETWORK
2024-10-29 14:33:20,https://www.linkedin.com/feed/update/urn%3Ali%3Ashare%3A7257036791436742658,"How I Slashed Development Costs by 73% Using AWS Lightsail 🚀""
""""
""Ever wondered how to drastically cut your cloud costs without sacrificing performance? I managed to reduce mine by 73%—and here’s how! 💡""
""""
""In my last post, I shared how switching from Render to AWS helped reduce latency. I initially leveraged ECS, RDS, EC2, ECR, VPC, and S3 to achieve this, but my bill quickly hit $26—way over my budget.""
""""
""That’s when I discovered AWS Lightsail. For just $7 per month, I got a 1GB RAM, 40GB SSD instance that helped me achieve significant cost savings. It wasn’t an entirely smooth ride—there was a learning curve—but it was worth it. ""
""""
""Here’s my 6-step guide to get started:""
""""
""📌 Set Up ECR and Deploy Your Codebase""
""📌 Create a Lightsail Instance and Install Docker & AWS""
""📌 Configure AWS on Your Lightsail Instance""
""📌 Automate Code Deployment to Lightsail with GitHub Actions""
""📌 Create SWAP Memory to Assist RAM""
""📌 Set Up a Database on Your Lightsail Instance and Migrate Your Data""
""""
""Curious on the steps? Here’s the full breakdown: https://lnkd.in/dyBDVHtS""
""""
""How Have You Optimized Your AWS Costs? Share Your Experiences in the comments.""
""""
""♻️ If this resonates, feel free to share ""
""""
""New here? I'm Ifeanyi, a Backend Engineer.""
""""
""#AWSLightsail #CloudComputing #CostOptimization #AWS #DevOps","","",MEMBER_NETWORK
2024-10-21 17:56:47,https://www.linkedin.com/feed/update/urn%3Ali%3Ashare%3A7254188888431181824,"Productivity Tip I Just Figured Out:""
""""
""Before taking a break, get something half done. It’s way easier to pick up where you left off when you get back. 🚀""
""""
""Let me know what you do to step up!","","",MEMBER_NETWORK
2024-10-18 09:58:16,https://www.linkedin.com/feed/update/urn%3Ali%3Ashare%3A7252981303476703233,Absolutely “no one” 😂,"","",MEMBER_NETWORK
2024-10-17 16:18:27,https://www.linkedin.com/feed/update/urn%3Ali%3AugcPost%3A7252714590084456449,"👨‍💻 Why build 10 GET endpoints when ONE can do the job? Here’s how I streamlined my process with just one flexible endpoint to handle all GET Requests.…""
""""
""To eliminate the need for redundant endpoint creation when the you need specific data, here’s a five-step guide using modular architecture:""
""""
""Step 1:""
""Identify the database table and all potential parameters for fetching data. GET requests typically receive data via Params or Query.""
""""
""Step 2:""
""Implement validation middleware for each method chosen. This middleware should enforce a strict schema for incoming data and handle necessary transformations.""
""""
""Step 3:""
""Design the route to follow this structure:""
""path ➡️ validation middleware ➡️ controller.""
""""
""Step 4:""
""In the controller, extract and store the request data. Pass this data to your service layer for further processing.""
""""
""Step 5:""
""Within the service layer, parse the incoming data through an additional schema, ensuring proper type conversion (e.g., converting strings to integers in GET requests). Afterward, execute the database query, passing the formatted data as the query body:""
""{ where: { ...body } }.""
""""
""This approach can be applied to any database GET operation. It’s especially effective for GetMany, and when no matching results are found, return a clear response:""
""""No [data type] matched this search"".""
""""
""♻️ If this resonates, feel free to share or comment on how you scale your apps""
""""
""New here? I'm Ifeanyi, 𝐚 Backend Developer.""
""""
""How I do mine ⬇️","","",MEMBER_NETWORK
2024-10-13 18:27:04,https://www.linkedin.com/feed/update/urn%3Ali%3AugcPost%3A7251297404937719808,"Turning hopes into reality – mentoring at Genesys was an unforgettable journey with my incredible mentees.""
""""
""On recieving my acceptance on becoming a mentor, I made a post on Twitter: “At least half of my mentees will bag their certificate.”""
""""
""I kept reflecting on how, during my time in the program as an intern, so many people dropped out. But I stayed hopeful, determined to make it work by crook or hook! 😂 This was long before I was assigned my mentees, but I was preparing myself mentally.""
""""
""I was eventually assigned three amazing mentees, all with almost no coding experience. But what they lacked in experience, they more than made up for with strong will and sharp minds. At that point, my job was already half done because they had what it takes to succeed – resilience.""
""""
""The journey was thrilling. Motivating coders and reminding them that there’s more to life than the leaderboard 😂 really strengthened my relationships with other mentors. And of course, Tappi always made things worthwhile with his swift, spot-on Messi-like responses! 😂😂""
""""
""As the program came to an end, I was filled with fulfillment 🥁:""
""📌 2 of my mentees were nominated for awards""
""📌 3/3 of my mentees earned their certificates""
""📌 I got nominated for Backend Mentor of the Year""
""📌 I had the privilege of being a stepping stone for 3 great minds 🔥""
""""
""At this point, I feel like a proud dad 🌚.""
""""
""Thank you, Genesys Tech Hub ""
""Thank you, Inyene Ikpe ""
""Thank you, Chukwuma Igwenagu , Linda and Samuel 🙏""
""You all were essential to my growth here!""
""""
""Want to be part of this journey? 🫵 Tap the link below to apply for Learnable 24:""
""""
""https://lnkd.in/dHpfCSwm""
""""
""Let me know in the comments about any memorable experiences you’ve had while mentoring! I will go first 🌚","","",MEMBER_NETWORK
2024-10-09 15:00:13,https://www.linkedin.com/feed/update/urn%3Ali%3Ashare%3A7249795799310581762,"Read this to know why your app runs slow in the afternoon and fast at night!!""
""""
""If you’re a fellow techie, you’ve probably been there. If not, don’t worry—I’ve got you covered.""
""""
""In this post, I’ll break down why apps can slow down, a frustration that often leads to gadgets and apps getting abandoned. It’s a problem worth understanding, and tackling it has made me a better programmer. More importantly, I’ll share tips on how to overcome this issue and improve app performance. So, whether you’re a tech enthusiast or know someone facing this challenge, read on!""
""""
""Techies, let’s dive in.""
""""
""If you’ve ever written code, you might have thought, “I don’t really know what happens after I send a request—it just works.” Well, that unknown area? It’s called a Black Box. And that’s likely where the delay lies.""
""""
""So, let’s fix that knowledge gap to help you write faster, more efficient code.""
""""
""📍 Operating System (OS) and Kernel""
""	Understanding the Operating System as a developer improves your ability to write better code. ""Why?” Because the OS controls how resources are allocated to your app, directly impacting performance. Whether you’re building lightweight mobile apps or handling massive backend systems, understanding how the OS works helps you avoid slowdowns, especially during peak usage times.""
""	""
""Examples of OS include Android, iOS, macOS, Windows, and Linux.""
""""
""Here’s how I’m upskilling in this area:""
""""
""📌 Operating Systems - I’m currently studying “Fundamentals of Operating Systems” by Hussein Nasser  on Udemy.""
""""
""In software, speed is everything. Just like how iPhones beat Androids on response time (don’t @ me 😂), users are likely to ditch your app if it’s slow.""
""""
""Feel free to drag the iPhone vs. Android debate in the comments! 😎""
""""
""First time seeing my post?""
""""
""I’m Ifeanyi, a Backend Developer and Tech Enthusiast. Connect with me for more relatable content and tech tips.""
""""
""🟣 Repost if you found this insightful, and help ghost connections defeat their enemy: resistance.""
""It’s said that if you can identify your enemy, there’s a 60% chance you’ll win the fight.""
""""
""Fighting!!!","","",MEMBER_NETWORK
2024-09-27 08:01:07,https://www.linkedin.com/feed/update/urn%3Ali%3AugcPost%3A7245341677085704192,"Think Process, Not Product! 🚧""
""""
""“Pull back the curtain on your process.” People are naturally curious about what others do. They don’t just want to see the polished outcome — they want to see how the bread gets baked 🍞.""
""""
""So, how do you show your work even when you feel like there’s nothing to show? Here’s the trick:""
""""
""🌀 Share something small every day! ♻️ It doesn’t have to be perfect, and it’s okay if 90% of it isn’t your best work. The key is to get comfortable with sharing, with No Fear.""
""""
""There’s one law to follow though: Post as if everyone who can read it has the power to fire you. Keep it professional, but don’t let perfection hold you back.""
""""
""Stick with it for a few weeks, and you’ll be amazed at how your ideas (Flow) can turn into valuable assets (Stock)!""
""""
""#ShareYourProcess #Creativity #ShowYourWork #GrowthMindset","","",MEMBER_NETWORK
2024-09-27 06:23:36,https://www.linkedin.com/feed/update/urn%3Ali%3Ashare%3A7245317133532844033,Niketa Parmar is #hiring. Know anyone who might be interested?,"","",MEMBER_NETWORK
2024-09-24 07:57:19,https://www.linkedin.com/feed/update/urn%3Ali%3AugcPost%3A7244253553630797826,"You don’t have to be a Genius.""
""""
""Be an Amature - Even for professionals, the best way to flourish is to retain an amateur’s spirit and embrace uncertainty and the unknown.""
""""
""You can’t find your voice if you don’t use it - Second slide""
""""
""Read Obituaries 💀- Last Slide.""
""""
""Clips from my Early morning Read","","",MEMBER_NETWORK
2024-09-19 08:14:39,https://www.linkedin.com/feed/update/urn%3Ali%3AugcPost%3A7242445978409062400,"Burning Platform: From Render to AWS 🎚️""
""""
""Making the switch from Render to AWS was a game-changer, but it came with a steep learning curve. Here’s how I tackled the migration, what worked, and the key lessons I learned along the way.""
""""
""I needed to quickly choose the best AWS services for a Container Registry, Orchestration, Virtual Server, Cloud Object Storage, Postgres DB, and CI/CD. Here’s what I went with:""
""""
""1.	AWS ECR (Elastic Container Registry)""
""2.	AWS ECS (Elastic Container Service)""
""3.	AWS EC2 (Elastic Compute Cloud)""
""4.	AWS S3 (Simple Storage Service)""
""5.	AWS RDS (Relational Database Service)""
""6.	GitHub Actions""
""""
""How it all fits together:""
""""
""AWS ECR:""
""Similar to Docker Hub, it served as my container registry.""
""""
""•	I created a container image and pushed it to ECR.""
""""
""AWS ECS:""
""This was my orchestration service—this part was tricky.""
""""
""•	I created a Cluster and Task Definition.""
""•	The Cluster then spun up an EC2 instance based on the specs I provided.""
""•	I set up a Daemon Service to create tasks using the Task Definition.""
""""
""AWS EC2:""
""EC2 served as the virtual server.""
""""
""•	The Cluster automatically created an instance for me.""
""•	The tasks generated snapshots of my container here.""
""•	I could then access the app from this EC2 instance.""
""""
""AWS S3:""
""Used for cloud object storage.""
""""
""•	I uploaded my environment files here (using SSE encryption) because AWS Secrets Manager was a bit pricey.""
""•	I had to add an S3 permission policy to my ECS task definition so it could access these files.""
""""
""AWS RDS:""
""Set up a free-tier Postgres database here. Easy enough!""
""""
""GitHub Actions:""
""My go-to for CI/CD.""
""""
""•	I used an AWS.yml file based on the GitHub docs and customized it.""
""•	The Task Definition JSON file was added to the root directory, and I updated all the parameters.""
""""
""How it works now:""
""""
""1.	On every push, my code is containerized and pushed to ECR.""
""2.	The Task Definition is updated in ECS.""
""3.	A new task is created based on the latest definition.""
""4.	I can access the updated deployment via the EC2 public IP. 🥳""
""""
""Common Mistakes to Avoid:""
""""
""1.	Set Network Mode to “host” in the Task Definition if your VPC subnet is public; awsvpc only works in a private subnet.""
""2.	S3 won’t work unless you add the right permissions in your Task Definition.""
""3.	The Task Definition specs must match the EC2 instance specs.""
""4.	Set the minimum task count to 0 in your Service settings—this allows CI/CD deployments to replace the running task.""
""""
""Final Tip: Always read the docs! Or, you know, just bookmark this post. ✌️""
""""
""💡 What’s your experience moving to AWS? Any tips or lessons to share?""
""""
""Monthly cost: ~ $14 (majorly on VPC / database spillover)""
""""
""#aws #devops #backend #linkedin","","",MEMBER_NETWORK
2024-09-13 20:42:58,https://www.linkedin.com/feed/update/urn%3Ali%3AugcPost%3A7240459969899184128,"Let the Development Begin 🔥""
""""
""Finally made the switch from Monolithic to Microservices as a Backend Developer.""
""""
""With the bar raised at my current job, I had to invest in something that could keep up. My old system just wasn’t cutting it anymore – especially when running more than one Docker container. After a lot of back and forth, I finally decided on a MacBook over a gaming rig, and as an iPhone user, the Apple ecosystem just made sense 😌.""
""""
""Biggest financial investment I’ve made in my career so far, but I’m all in. Let’s go! 🚀""
""""
""#backend #microservices #macbook #iphone16","","",MEMBER_NETWORK
2024-04-19 05:49:35,https://www.linkedin.com/feed/update/urn%3Ali%3Ashare%3A7186964125959278592,"Outstanding Insigt, never knew how RPC or gRPC worked till now 🙌🏾","","",MEMBER_NETWORK
2024-02-19 12:18:54,https://www.linkedin.com/feed/update/urn%3Ali%3AgroupPost%3A6986570-7165318831735750658,"The odds of just seeing this after my interview, Wow!""
""""
""Thank God I did my research 🔥""
""""
""Thank you Adeife Adeoye for the pro tip!","","",MEMBER_NETWORK
2024-02-19 12:18:46,https://www.linkedin.com/feed/update/urn%3Ali%3AugcPost%3A7165318797166297088,"The odds of just seeing this after my interview, Wow!""
""""
""Thank God I did my research 🔥""
""""
""Thank you Adeife Adeoye for the pro tip!","","",MEMBER_NETWORK
2024-02-19 01:17:40,https://www.linkedin.com/feed/update/urn%3Ali%3Ashare%3A7165152424536616960,"🚀 Leveling Up with HNG Advance: Exploring Docker & Kubernetes 🐳💡""
""""
""Hey #Fam! Today marks the start of my journey with HNG Advance as I delve into the world of Docker and Kubernetes! 🚀💻""
""I'm all about continuous growth and seizing opportunities to enhance my skills. So, when the chance came to dive into containerization and orchestration, I jumped at it!""
""Over the next few weeks, I'll be immersing myself in Docker and Kubernetes, learning to build, deploy, and manage applications like never before. It's all about taking my DevOps skills to new heights! 🛠️""
""Huge shoutout to the incredible team at HNG Internship Advance for crafting this amazing program and providing the support and resources needed. Let's make it count! 💪💥""
""Stay tuned for updates as I embark on this journey - here's to learning, growing, and embracing the adventure! 🌟 #DevOps #Docker #Kubernetes #HNGAdvance #LearningJourney #ExcitedToGrow","","",MEMBER_NETWORK
2024-02-17 14:14:17,https://www.linkedin.com/feed/update/urn%3Ali%3AugcPost%3A7164623092575596544,"Works like a Charm🔥""
""Thanks Glory","","",MEMBER_NETWORK
2023-08-05 11:28:00,https://www.linkedin.com/feed/update/urn%3Ali%3Ashare%3A7093553224397299712,"🚀 Excited to share my latest creation: a Decentralized Patient Record system! 🏥📁""
""🔗 Take a peek at the future of healthcare data management: privacy-focused, secure, and accessible to patients. #DecentralizedHealthcare #HealthTech #Innovation""
""🔍 I'm open to any feedback and criticism in the comments! Let's build a better, healthier future together. 💙 #HealthcareRevolution #PatientData #TechForGood""
""""
""https://lnkd.in/dZSn7cUe","","",MEMBER_NETWORK
2023-08-01 02:53:26,https://www.linkedin.com/feed/update/urn%3Ali%3Ashare%3A7091974174457364480,"Passion is a product of Action ✨""
""""
""7 months internship done and dusted 🥳""
""""
""I'm very grateful to Genesys Tech Hub  for creating such an amazing experience on this internship and crossing literally all the boards of my expectations, going from learning, to design sprints, to live Pitch, to Standardization test, to Scrum week, to Build Szn..... and these are only my favourites mentioned.""
""""
""For the past 7 months, I have been doing things I had neverrrr done before with the nitch of ""Everything is Learnable"" and I did heavily above average from putting in the work and dedication.""
""""
""Special appraisal to Inyene Ikpe  & Amara Onyeji our coordinators, Ezeh Livinus & Jim Ezesinachi my backend mentors toh baddest✨, Nwachinemere Ibeagi my right-hand man in everything and my No 1 fans Nnaemeka Okafor  Chisco, Ifunanya Okafor  Chinaza Okafor, odera, Izu, oluchiiii, Abayomi Adeniyi A.C (ACSP) .... for their massive support in following through with the hardest of times of this journey.""
""""
""Backend Developer toh bad ✨!""
""""
""For details :""
""1. Check out my Resume - https://lnkd.in/dhTAx6i7","","",MEMBER_NETWORK
2023-05-27 12:41:23,https://www.linkedin.com/feed/update/urn%3Ali%3AugcPost%3A7068204542235934720,"","","",MEMBER_NETWORK
2023-05-27 12:40:36,https://www.linkedin.com/feed/update/urn%3Ali%3Ashare%3A7068204342205423616,"This is really clean, I would love to code like this someday","","",MEMBER_NETWORK
2022-12-02 14:55:21,https://www.linkedin.com/feed/update/urn%3Ali%3Ashare%3A7004457988165918720,"I don’t know if am the only one but i get anxious posting in general, cause I get a bit too concerned on the review and how am not getting much like and ……., so i just never put any effort to it.""
""Then I Got some advice in class yesterday on putting yourself out there for better opportunities cause your helpers can’t/ won’t go through your gallery or what not, so this is me putting myself out here""
""""
""#fresher #tech #frontend #backend #freshbeginning","","",MEMBER_NETWORK
2022-12-02 12:46:11,https://www.linkedin.com/feed/update/urn%3Ali%3Ashare%3A7004425482687410177,"Got in Nithub Bootcamp, my Journey throug Data Structure and Algorithm","","",MEMBER_NETWORK
2022-07-11 18:57:56,https://www.linkedin.com/feed/update/urn%3Ali%3AugcPost%3A6952335183647842305,I’m happy to share that I’m starting a new position as Software Developer at Freelance!,"","",MEMBER_NETWORK
